Nombres,Mail,Direcci√≥n,Sueldo,Altura
Darryl,Nullam.vitae.diam@risusMorbimetus.org,"P.O. Box 572, 4082 Nunc Av.",76653,1.22
Beatrice,Mauris.vestibulum.neque@purusaccumsaninterdum.ca,"P.O. Box 710, 7929 Enim Rd.",77846,2.03
Diana,lacus.Nulla@eumetusIn.org,5732 Penatibus Road,79301,1.41
Justina,vel.convallis.in@sem.co.uk,969-5096 Phasellus Ave,101770,2.18
Shana,Proin@Suspendissesagittis.com,4307 Aliquet Ave,73593,1.91
Xaviera,Pellentesque.habitant.morbi@eu.net,"Ap #443-1013 Amet, Street",130181,1.21
Sydnee,luctus.vulputate@aultricies.com,Ap #771-8949 In Rd.,64862,1.58
Felicia,gravida@adipiscingMauris.edu,"P.O. Box 805, 9251 Urna St.",69434,1.47
Lavinia,mollis.Duis.sit@nuncsedlibero.org,"P.O. Box 517, 2475 Dapibus Street",104834,2.06
Kessie,Nam@tinciduntadipiscingMauris.net,1485 Augue Ave,,1.73
Ursa,sed.hendrerit.a@Duisvolutpatnunc.com,Ap #427-6752 Diam Av.,106213,1.84
Carla,accumsan.sed@nequeSedeget.net,9705 Massa Road,116889,1.87
Abigail,lorem@sem.ca,Ap #216-3332 Natoque St.,125047,1.72
Abigail,lorem@sem.ca,Ap #216-3332 Natoque St.,125047,1.72
Jada,aliquet.metus.urna@vitaemaurissit.edu,5031 Imperdiet Street,92982,1.76
Donna,pede.Suspendisse.dui@metusurnaconvallis.org,484-4381 Faucibus Ave,119354,1.33
Morgan,nunc@NullafacilisisSuspendisse.net,3435 Habitant St.,111363,1.77
Zorita,quis@luctusipsum.org,Ap #643-7347 In Rd.,101843,1.63
Zelda,Donec.egestas.Duis@Cras.edu,"P.O. Box 524, 8394 Convallis Rd.",101648,2.04
Sarah,nonummy.Fusce@egetmollis.net,"P.O. Box 699, 4968 Duis Road",121263,1.92
Yen,facilisis.vitae@commodoatlibero.org,834-4424 Ultrices St.,114743,1.51
Sheila,magnis.dis.parturient@tempuseuligula.net,1918 Consectetuer Street,124268,1.62
Isabella,enim@turpis.co.uk,720-1707 Nulla Ave,99597,1.65
Joy,mi.lorem.vehicula@Phasellusdolor.edu,Ap #997-479 Dui St.,118298,1.27
Jessamine,nunc@enimdiamvel.ca,"P.O. Box 459, 9076 Mus. Rd.",87357,2.2
Uma,dolor.Fusce.feugiat@risusNunc.org,Ap #935-220 Eu St.,96643,1.57
Reagan,ullamcorper.viverra.Maecenas@CuraePhasellusornare.com,378-5364 Volutpat Ave,113711,1.96
Jena,cursus.Nunc@magnis.edu,Ap #499-340 Tempus Avenue,116667,1.9
Winifred,sit.amet.consectetuer@orci.co.uk,Ap #400-5166 Enim. Rd.,66484,1.63
Renee,sodales.purus@odioAliquam.net,2024 In Road,95802,1.48
Chelsea,nisl.Nulla.eu@euodio.net,"P.O. Box 811, 9533 Tellus. St.",111808,1.94
Caryn,risus.Duis@nunc.com,"P.O. Box 219, 7241 Id Rd.",104648,1.6
Laurel,Proin.sed@dolor.edu,"P.O. Box 934, 2815 Imperdiet Rd.",61408,1.88
Laurel,Proin.sed@dolor.edu,"P.O. Box 934, 2815 Imperdiet Rd.",61408,11.88
Anjolie,eu@nonummyFusce.net,8950 Convallis Street,121261,1.57
Shelby,ridiculus.mus@Quisque.ca,685-6225 Magna. Rd.,51582,1.68
Tatum,fames@magnaa.net,"Ap #874-8161 Ultrices, Road",116559,2.02
MacKensie,feugiat.Sed@necmalesuadaut.org,5838 Ligula Ave,104883,1.58
Roary,metus.Aliquam.erat@rhoncusProin.co.uk,7612 Risus. Avenue,119869,1.98
Autumn,justo.sit@tinciduntadipiscing.net,4885 Vestibulum St.,127011,1.43
Skyler,ipsum.non@laciniaorci.org,"P.O. Box 560, 8619 Dolor Road",134917,1.98
Lara,nunc.sed@nondui.net,1359 Aliquet. St.,117131,1.73
Halee,lorem.lorem.luctus@vitaesodales.net,6244 Amet Street,65214,1.69
Madonna,Nunc.pulvinar.arcu@nonummyFusce.ca,"P.O. Box 981, 9338 Auctor, Av.",76816,1.81
Cassandra,sed.orci@nullavulputatedui.org,"P.O. Box 681, 8349 Inceptos St.",97933,1.93
Brielle,amet@consectetueradipiscing.co.uk,1176 Aliquet Road,90343,1.61
Brielle,amet@consectetueradipiscing.co.uk,1176 Aliquet Road,90343,1.61
Adria,eu.nibh.vulputate@ornareegestasligula.com,531-7056 Sodales. Avenue,78440,1.93
Clare,Lorem.ipsum.dolor@luctussit.ca,6433 Ut Road,57357,1.43
Uta,molestie@magnaSuspendisse.co.uk,6532 Donec Road,91615,1.83
Zenia,quam.quis@temporarcu.com,"P.O. Box 475, 8065 Sit Rd.",89222,2.05
Bree,convallis@nisiaodio.edu,"P.O. Box 467, 2913 Parturient Street",103100,13.73
Hanae,Sed@mi.co.uk,192-991 In Rd.,71586,2.1
MacKensie,nisi.dictum.augue@eteuismod.edu,320-5832 Pede Road,58219,1.38
Shoshana,eget@nibh.edu,Ap #282-8587 Arcu Road,85742,1.52
Kylynn,eget.massa.Suspendisse@Integerurna.co.uk,5871 Dictum. St.,123186,2.13
Cheryl,magnis@acturpisegestas.co.uk,"772-696 Lobortis, Av.",54641,1.51
Janna,Cras.dictum@orciconsectetuereuismod.edu,823-2190 Maecenas Av.,110027,1.18
Maya,mus.Proin@idmollis.co.uk,1605 Lectus Road,106760,1.77
Ori,sollicitudin.orci.sem@pharetrafeliseget.org,Ap #376-2609 Velit Rd.,90811,1.86
Cally,est.tempor@loremvehicula.edu,"P.O. Box 478, 6311 Sem Avenue",55404,2.03
Mona,scelerisque@porttitor.ca,"P.O. Box 174, 7787 Aliquet St.",52096,1.9
Fay,eu.metus@Phasellusataugue.org,Ap #751-8551 In Rd.,,1.65
Elizabeth,in.tempus.eu@adipiscinglacus.com,"P.O. Box 752, 8364 Nec Road",90108,
Clementine,elit.a.feugiat@Nam.org,8670 Ac St.,79926,2.18
Stacey,convallis@ultriciesornareelit.net,693-4539 Quisque Rd.,113712,1.71
Chantale,pharetra.Nam.ac@ultricesiaculis.ca,Ap #171-9002 Et Road,132949,1.38
Victoria,diam.nunc@estac.net,2155 Facilisis. St.,96375,1.81
Molly,sed.consequat@velesttempor.edu,Ap #238-1028 Adipiscing Rd.,99409,2.0
Maisie,sed.turpis.nec@liberoettristique.edu,5600 Sollicitudin Rd.,110419,1.66
Katelyn,Donec.sollicitudin.adipiscing@risus.com,1906 Nisi Rd.,114057,1.88
Jaime,nibh.enim.gravida@vitaerisus.net,Ap #348-1550 Sodales Rd.,56417,1.81
Jaime,nibh.enim.gravida@vitaerisus.net,Ap #348-1550 Sodales Rd.,56417,1.81
Rebekah,sodales@Phasellus.edu,2604 Blandit. St.,74561,1.96
Uma,nec.malesuada.ut@ipsumSuspendisse.com,Ap #962-8746 Ridiculus Street,121262,1.68
Kelsie,congue@vitaealiquameros.co.uk,"382-795 Elit, Road",103901,1.98
Nyssa,accumsan.sed@est.edu,592 Hymenaeos. Rd.,58004,1.82
Laurel,lectus@nisl.ca,"P.O. Box 954, 480 Metus. Street",58291,1.26
Dahlia,libero@quisarcu.com,"P.O. Box 721, 4497 Proin St.",,1.63
Kellie,enim@habitant.org,487-3642 Non Street,133019,1.27
Rina,Vivamus.euismod.urna@vulputate.edu,5223 Cum Avenue,118645,
Meghan,ipsum.non.arcu@ultricesDuis.co.uk,148-9298 Euismod St.,89686,2.06
Colleen,leo.Morbi@consectetuereuismod.ca,Ap #783-9976 Erat. Av.,104159,1.51
Mikayla,ullamcorper.Duis.at@maurisrhoncus.ca,"P.O. Box 995, 4492 Consequat Ave",68727,1.77
Zoe,senectus.et@lacus.com,638-3695 Ante Ave,73911,1.12
Mara,tellus.non@nibhQuisque.com,"Ap #750-3883 Pede, Road",69033,1.73
Shelley,arcu.Curabitur@risusDonec.com,Ap #819-2116 Nec St.,113702,1.64
Eden,Integer.urna@aliquet.co.uk,"P.O. Box 328, 1973 Tortor Av.",120083,1.81
Eden,Integer.urna@aliquet.co.uk,"P.O. Box 328, 1973 Tortor Av.",520083,1.81
Sybil,mauris.ut.mi@Donec.edu,2074 Massa. Street,102174,1.2
Colette,mauris@egestasnunc.com,1873 Ac Road,58596,1.41
Aileen,hendrerit.Donec.porttitor@odiotristique.org,152-6925 Sit Road,78705,1.38
Kaden,nascetur.ridiculus@eget.co.uk,Ap #904-9108 Tellus Avenue,111048,1.71
Summer,Aliquam.ultrices@porttitor.ca,"P.O. Box 765, 1744 Ipsum Rd.",118654,1.91
Maia,nascetur.ridiculus@hendreritneque.net,Ap #401-3761 Fringilla Road,58845,1.7
Aphrodite,Morbi.vehicula@nullaanteiaculis.co.uk,513-2058 Ridiculus Avenue,67146,2.01
Aiko,et@Aliquam.edu,"P.O. Box 845, 9495 Sodales Rd.",84240,2.35
Aiko,et@Aliquam.edu,"P.O. Box 845, 9495 Sodales Rd.",84240,2.35
Chelsea,sagittis.felis@tellusfaucibusleo.net,Ap #936-8009 Dolor Street,66928,1.85
Bryar,aliquam@atpede.edu,"P.O. Box 356, 1521 Accumsan St.",53962,2.12
Jessica,porttitor@vitae.com,Ap #363-8880 Molestie. Street,121313,1.96
Lacota,lobortis.mauris@posuerecubiliaCurae.net,"P.O. Box 794, 6194 Mauris Rd.",103061,1.94
Gisela,adipiscing@Sedeu.com,427-5396 Vivamus Av.,56960,1.65
Dacey,Class@mienim.edu,Ap #485-3637 Justo Avenue,124130,1.43
Whitney,dui@semegetmassa.edu,8836 Donec Av.,70261,1.35
Aiko,lacinia@sedpedenec.co.uk,"P.O. Box 263, 3970 Consequat St.",108380,1.31
